{
    "foreground_intensity_properties_per_channel": {
        "0": {
            "max": 2739.0,
            "mean": 348.4314270019531,
            "median": 282.0,
            "min": -643.0,
            "percentile_00_5": -60.0,
            "percentile_99_5": 1239.0,
            "std": 267.4811706542969
        }
    },
    "median_relative_size_after_cropping": 1.0,
    "shapes_after_crop": [
        [
            128,
            160,
            160
        ],
        [
            108,
            91,
            136
        ],
        [
            114,
            116,
            156
        ],
        [
            90,
            86,
            130
        ],
        [
            125,
            184,
            184
        ],
        [
            113,
            91,
            138
        ],
        [
            127,
            171,
            171
        ],
        [
            107,
            152,
            152
        ],
        [
            97,
            80,
            135
        ],
        [
            112,
            194,
            194
        ],
        [
            100,
            200,
            200
        ],
        [
            106,
            180,
            180
        ],
        [
            120,
            160,
            160
        ],
        [
            119,
            104,
            145
        ],
        [
            104,
            92,
            156
        ],
        [
            94,
            160,
            160
        ],
        [
            112,
            160,
            160
        ],
        [
            120,
            160,
            160
        ],
        [
            112,
            142,
            142
        ],
        [
            112,
            160,
            160
        ],
        [
            112,
            160,
            160
        ],
        [
            136,
            174,
            174
        ],
        [
            104,
            119,
            123
        ],
        [
            112,
            160,
            160
        ],
        [
            103,
            110,
            145
        ],
        [
            112,
            167,
            167
        ],
        [
            100,
            170,
            170
        ],
        [
            122,
            80,
            148
        ],
        [
            121,
            160,
            160
        ],
        [
            114,
            158,
            158
        ],
        [
            125,
            160,
            160
        ],
        [
            112,
            160,
            160
        ],
        [
            117,
            84,
            129
        ],
        [
            116,
            174,
            174
        ],
        [
            119,
            90,
            165
        ],
        [
            123,
            102,
            160
        ],
        [
            134,
            160,
            160
        ],
        [
            112,
            160,
            160
        ],
        [
            125,
            75,
            157
        ],
        [
            112,
            160,
            160
        ],
        [
            120,
            104,
            160
        ],
        [
            112,
            174,
            174
        ],
        [
            110,
            177,
            177
        ],
        [
            102,
            64,
            129
        ],
        [
            110,
            85,
            139
        ],
        [
            110,
            160,
            160
        ],
        [
            97,
            153,
            153
        ],
        [
            132,
            181,
            181
        ],
        [
            112,
            157,
            157
        ],
        [
            104,
            94,
            140
        ],
        [
            112,
            176,
            176
        ],
        [
            112,
            177,
            177
        ],
        [
            102,
            160,
            160
        ],
        [
            120,
            171,
            171
        ],
        [
            96,
            170,
            170
        ],
        [
            114,
            95,
            159
        ],
        [
            136,
            123,
            167
        ],
        [
            124,
            108,
            165
        ],
        [
            106,
            179,
            179
        ],
        [
            107,
            91,
            143
        ],
        [
            112,
            161,
            161
        ],
        [
            121,
            88,
            160
        ],
        [
            108,
            77,
            165
        ],
        [
            112,
            160,
            160
        ],
        [
            112,
            160,
            160
        ],
        [
            102,
            160,
            160
        ],
        [
            118,
            84,
            185
        ],
        [
            112,
            166,
            166
        ],
        [
            112,
            185,
            185
        ],
        [
            112,
            136,
            136
        ],
        [
            102,
            78,
            131
        ],
        [
            107,
            99,
            132
        ],
        [
            105,
            160,
            160
        ],
        [
            104,
            200,
            200
        ],
        [
            118,
            175,
            175
        ],
        [
            112,
            160,
            160
        ],
        [
            112,
            148,
            148
        ],
        [
            124,
            84,
            154
        ],
        [
            107,
            76,
            131
        ],
        [
            141,
            159,
            159
        ],
        [
            109,
            85,
            133
        ],
        [
            125,
            99,
            166
        ],
        [
            112,
            153,
            153
        ],
        [
            107,
            174,
            174
        ],
        [
            114,
            86,
            151
        ],
        [
            106,
            75,
            135
        ],
        [
            100,
            95,
            149
        ],
        [
            130,
            89,
            178
        ],
        [
            116,
            159,
            159
        ],
        [
            96,
            200,
            200
        ],
        [
            110,
            142,
            142
        ],
        [
            117,
            180,
            180
        ],
        [
            130,
            156,
            156
        ],
        [
            100,
            200,
            200
        ],
        [
            103,
            139,
            139
        ],
        [
            112,
            160,
            160
        ],
        [
            120,
            180,
            180
        ],
        [
            112,
            160,
            160
        ],
        [
            113,
            74,
            143
        ],
        [
            112,
            177,
            177
        ]
    ],